seed,n,accuracy,n_keys,keys_fail_rate,top_feature,top_d,n_fail
0,300,0.8466666666666667,31,0.8709677419354839,7536,2.6031672954559326,46
42,300,0.7966666666666666,45,0.9333333333333333,17491,2.925704002380371,61
100,300,0.8166666666666667,52,0.75,7536,2.6278574466705322,55
200,300,0.85,35,0.8571428571428572,10960,3.1304306983947754,45
300,300,0.8566666666666667,39,0.8461538461538461,19149,3.578420639038086,43
